gender,name,frequency
F,Linda,96215
F,Mary,68600
F,Barbara,46826
F,Patricia,46139
F,Susan,35988
F,Sandra,31062
F,Nancy,29411
F,Carol,28979
F,Sharon,26142
F,Kathleen,23256
F,Donna,22033
F,Karen,21996
F,Margaret,18873
F,Carolyn,18622
F,Judith,17787
F,Judy,17704
F,Brenda,17699
F,Betty,16624
F,Diane,16607
F,Shirley,16124
F,Joyce,14383
F,Pamela,14281
F,Janice,14162
F,Janet,13977
F,Cheryl,13220
F,Elizabeth,13215
F,Cynthia,12240
F,Gloria,11690
F,Dorothy,11320
F,Deborah,11245
F,Beverly,10796
F,Martha,10010
F,Marilyn,9937
F,Bonnie,9818
F,Christine,9678
F,Virginia,9296
F,Joan,9275
F,Peggy,9090
F,Jane,8781
F,Helen,8301
F,Catherine,8243
F,Frances,8179
F,Connie,8055
F,Ann,8024
F,Ruth,7903
F,Phyllis,7876
F,Jean,7774
F,Diana,7706
F,Alice,6981
F,Rebecca,6795
F,Gail,6603
F,Paula,6600
F,Elaine,6402
F,Kathryn,6177
F,Kathy,6148
F,Jo,5985
F,Wanda,5919
F,Jacqueline,5838
F,Rita,5835
F,Marie,5786
F,Sherry,5717
F,Theresa,5556
F,Rose,5555
F,Doris,5547
F,Joanne,5499
F,Suzanne,5448
F,Ellen,5289
F,Katherine,5169
F,Charlotte,5164
F,Lois,5077
F,Sheila,5022
F,Sally,5012
F,Laura,4901
F,Evelyn,4840
F,Maria,4816
F,Marsha,4725
F,Darlene,4692
F,Sue,4674
F,Marcia,4640
F,Lynn,4609
F,Vicki,4365
F,Teresa,4217
F,Geraldine,4208
F,Lynda,4168
F,Sarah,4157
F,Dianne,4138
F,Anne,4122
F,Maureen,4077
F,Anna,4037
F,Rosemary,3869
F,Eileen,3838
F,Glenda,3831
F,Constance,3812
F,Joann,3799
F,Jeanne,3789
F,Lorraine,3745
F,Annie,3721
F,Patsy,3715
F,Louise,3685
F,Sylvia,3671
F,Roberta,3667
F,Anita,3615
F,Norma,3592
F,Cathy,3561
F,Charlene,3487
F,Carole,3313
F,Juanita,3207
F,Victoria,3131
F,Marlene,3053
F,Marjorie,3048
F,Irene,3043
F,Yvonne,3041
F,Kay,2943
F,Ruby,2894
F,Loretta,2868
F,Delores,2840
F,Julie,2794
F,Julia,2776
F,Dolores,2763
F,Mildred,2756
F,Janis,2745
F,Claudia,2624
F,Paulette,2579
F,Gwendolyn,2506
F,Arlene,2480
F,Vivian,2424
F,June,2389
F,Andrea,2366
F,Jeanette,2331
F,Georgia,2312
F,Leslie,2305
F,Regina,2292
F,Terry,2281
F,Josephine,2230
F,Valerie,2132
F,Lillian,2116
F,Stephanie,2103
F,Emma,2099
F,Edna,2096
F,Edith,2081
F,Gayle,2066
F,Sara,2021
F,Vickie,2020
F,Sheryl,2008
F,Pauline,1965
F,Annette,1931
F,Denise,1930
F,Margie,1927
F,Rosa,1926
F,Jill,1886
F,Jennifer,1882
F,Ethel,1872
F,Penny,1861
F,Lucille,1853
F,Esther,1847
F,Priscilla,1847
F,Audrey,1838
F,Angela,1801
F,Michele,1799
F,Clara,1792
F,Colleen,1783
F,Eva,1774
F,Thelma,1763
F,Wilma,1742
F,Florence,1698
F,Lynne,1682
F,Grace,1677
F,Willie,1667
F,Eleanor,1664
F,Maryann,1631
F,Joy,1627
F,Dianna,1626
F,Gladys,1602
F,Toni,1601
F,Marion,1592
F,Janie,1579
F,Ella,1554
F,Billie,1546
F,Bobbie,1543
F,Carla,1543
F,Maxine,1523
F,Wendy,1517
F,Bertha,1515
F,Christina,1494
F,Bernice,1489
F,Veronica,1478
F,Jackie,1467
F,Lana,1464
F,Lillie,1453
F,Candace,1446
F,Beatrice,1433
F,Marianne,1425
F,Jacquelyn,1421
F,Emily,1391
F,Rachel,1388
F,Marian,1387
F,Yolanda,1365
F,Renee,1362
F,Hazel,1348
F,Faye,1345
F,Stella,1344
F,Lucy,1342
F,Bonita,1315
F,Carmen,1309
F,Ida,1303
F,Jan,1262
F,Pat,1249
F,Dawn,1241
F,Lydia,1222
F,Becky,1200
F,Bernadette,1185
F,Carrie,1174
F,Cindy,1163
F,Alma,1160
F,Rosie,1152
F,Vera,1149
F,Patty,1138
F,Debra,1125
F,Harriet,1116
F,Rosalie,1116
F,Robin,1094
F,Mattie,1091
F,Myra,1088
F,Beth,1087
F,Nora,1086
F,Caroline,1080
F,Jessie,1071
F,Deanna,1063
F,Rosemarie,1047
F,Michelle,1044
F,Kristine,1033
F,Claire,1023
F,Dora,1023
F,Nina,1022
F,Susie,1019
F,Bessie,998
F,Minnie,993
F,Francine,975
F,Antoinette,974
F,Jeannette,957
F,Cecilia,955
F,Melanie,955
F,Deloris,945
F,Madeline,939
F,Iris,935
F,Sandy,932
F,Marguerite,915
F,Rhonda,908
F,Elsie,903
F,Nellie,891
F,Johnnie,888
F,Mae,884
F,Trudy,883
F,Velma,871
F,Doreen,867
F,Dixie,865
F,Vicky,858
F,Dale,855
F,Irma,849
F,Terri,849
F,Olivia,848
F,Monica,847
F,Cecelia,844
F,Lee,842
F,Melinda,840
F,Cora,837
F,Debbie,836
F,Agnes,835
F,Ramona,831
F,Geneva,828
F,Naomi,821
F,Laurie,805
F,Hilda,798
F,Shelia,795
F,Penelope,782
F,Ernestine,775
F,Leona,775
F,Hattie,754
F,Lucinda,752
F,Dana,745
F,Melody,739
F,Jeannie,736
F,Lena,734
F,Viola,724
F,Betsy,719
F,Alberta,718
F,Jennie,714
F,Saundra,711
F,Miriam,698
F,Pearl,690
F,Alicia,687
F,Laurel,687
F,Verna,681
F,Holly,673
F,Guadalupe,667
F,Lola,663
F,Laverne,661
F,Marcella,657
F,Noreen,654
F,Cathleen,653
F,Gertrude,651
F,Daisy,646
F,Gretchen,640
F,Bettye,635
F,Sharron,623
F,Katie,622
F,Candice,617
F,Bettie,616
F,Erma,616
F,Amy,611
F,Della,611
F,Lynette,608
F,Susanne,606
F,Eunice,601
F,Sharyn,601
F,Gale,600
F,Ginger,600
F,Melissa,600
F,Lula,594
F,Nadine,588
F,Glenna,587
F,Flora,585
F,Bette,581
F,Patti,579
F,Rosetta,578
F,Tina,577
F,Pam,572
F,Olga,571
F,Fannie,570
F,Amelia,564
F,Molly,562
F,Sondra,550
F,Cheri,546
F,Claudette,542
F,Henrietta,540
F,Myrtle,537
F,Kathie,536
F,Ada,534
F,Violet,529
F,Helene,522
F,Jayne,519
F,Joanna,515
F,Eloise,512
F,Sherrie,510
F,Mamie,504
F,Sallie,503
F,Frankie,502
F,Rosalind,499
F,Myrna,493
F,Nelda,490
F,Celia,489
F,Margo,488
F,Maggie,483
F,Jessica,482
F,Therese,476
F,Earnestine,475
F,Rochelle,475
F,Gay,472
F,Camille,471
F,Adele,470
F,Diann,470
F,Adrienne,469
F,Freda,469
F,Lisa,468
F,Jenny,466
F,Karla,465
F,Karin,461
F,Margarita,460
F,Mona,455
F,Melba,454
F,Cherie,451
F,Darla,450
F,Natalie,450
F,Gwen,448
F,Marla,446
F,Genevieve,443
F,Cassandra,441
F,Reba,440
F,Lou,439
F,Jerry,433
F,Belinda,432
F,Lorna,432
F,Roseann,430
F,Kaye,428
F,Polly,427
F,Sonja,424
F,Lauren,422
F,Lila,421
F,Mable,419
F,Janette,415
F,Shelley,413
F,Sherri,407
F,Rena,406
F,Ilene,404
F,Lenora,403
F,Inez,401
F,Faith,400
F,Lora,400
F,Ruthie,400
F,Estella,399
F,Earlene,396
F,Jeanie,392
F,Leah,387
F,Jamie,386
F,Muriel,386
F,Rosanne,386
F,April,383
F,Lupe,377
F,Isabel,374
F,Lorene,371
F,Marva,371
F,Dona,370
F,Judi,367
F,Candy,365
F,Sheri,364
F,Gracie,363
F,Delia,357
F,Antonia,356
F,Jimmie,355
F,Lenore,355
F,Fay,354
F,Ollie,352
F,Josie,351
F,Blanche,350
F,Eula,350
F,Jewel,349
F,Maryanne,349
F,Jeannine,345
F,Cherry,343
F,Etta,343
F,Corinne,340
F,Marilynn,340
F,Robbie,339
F,Hope,335
F,Katharine,333
F,Chris,329
F,Ora,328
F,Pearlie,328
F,Beulah,327
F,Essie,324
F,Ina,324
F,Sadie,324
F,Tamara,324
F,Lela,323
F,Delois,321
F,Ladonna,319
F,Nettie,318
F,Kristin,317
F,Carlene,316
F,Kimberly,315
F,Marylou,315
F,Beverley,313
F,Mabel,311
F,Rae,311
F,Georgette,307
F,Merry,307
F,Amanda,306
F,Robyn,305
F,Estelle,303
F,Jeri,302
F,Winifred,302
F,Rosalyn,299
F,Eugenia,298
F,Teri,298
F,Celeste,297
F,Dorothea,296
F,Earline,296
F,Meredith,294
F,Unknown,294
F,Dee,293
F,Roxanne,290
F,Jana,288
F,Kitty,288
F,Lavonne,287
F,Jolene,284
F,Tanya,284
F,Bernadine,283
F,Elena,281
F,Gilda,281
F,Lizzie,279
F,Maryellen,278
F,Addie,277
F,Harriett,277
F,Janine,277
F,Crystal,275
F,Jewell,275
F,Sherrill,274
F,Tommie,274
F,Johanna,273
F,Kerry,273
F,Sonia,273
F,Dorthy,272
F,Jody,272
F,Terrie,271
F,Christy,270
F,Shari,270
F,Alison,268
F,Cheryle,267
F,Dolly,267
F,Shelby,266
M,James,88604
M,Robert,85475
M,John,82835
M,William,61969
M,David,56622
M,Michael,52566
M,Richard,50970
M,Thomas,43777
M,Charles,38680
M,Ronald,33521
M,Larry,33435
M,Gary,28396
M,Joseph,26803
M,Donald,26443
M,Kenneth,23551
M,George,21925
M,Dennis,21763
M,Paul,21250
M,Edward,18981
M,Stephen,17061
M,Jerry,16807
M,Daniel,16507
M,Steven,15979
M,Roger,12818
M,Frank,12697
M,Terry,12136
M,Raymond,11612
M,Bruce,11065
M,Mark,10266
M,Gerald,9842
M,Lawrence,9768
M,Gregory,9724
M,Douglas,9470
M,Wayne,8682
M,Walter,8628
M,Harold,8144
M,Peter,8049
M,Timothy,8042
M,Danny,8007
M,Willie,7970
M,Anthony,7879
M,Carl,7828
M,Jack,7612
M,Arthur,7579
M,Henry,7420
M,Alan,7394
M,Joe,7289
M,Patrick,7191
M,Roy,7066
M,Jimmy,6925
M,Ralph,6915
M,Johnny,6862
M,Billy,6219
M,Philip,6161
M,Albert,6156
M,Dale,6089
M,Harry,5945
M,Jeffrey,5930
M,Ronnie,5902
M,Steve,5741
M,Eugene,5608
M,Bobby,5581
M,Howard,5498
M,Louis,5386
M,Stanley,5383
M,Fred,5377
M,Russell,5110
M,Mike,5046
M,Phillip,5018
M,Samuel,5003
M,Leonard,4781
M,Allen,4756
M,Glenn,4740
M,Barry,4669
M,Frederick,4517
M,Ernest,4513
M,Andrew,4307
M,Eddie,4236
M,Tommy,4221
M,Francis,4215
M,Melvin,4056
M,Craig,3986
M,Earl,3976
M,Bill,3926
M,Norman,3894
M,Jim,3808
M,Clarence,3791
M,Martin,3698
M,Keith,3661
M,Marvin,3626
M,Don,3546
M,Rodney,3465
M,Lee,3445
M,Tom,3430
M,Brian,3358
M,Alfred,3246
M,Leroy,3232
M,Randall,3179
M,Randy,3142
M,Ray,3133
M,Curtis,3090
M,Christopher,3037
M,Herbert,2869
M,Theodore,2828
M,Clifford,2793
M,Vincent,2788
M,Bernard,2715
M,Jesse,2705
M,Warren,2657
M,Jerome,2591
M,Gene,2541
M,Gordon,2510
M,Dan,2495
M,Eric,2490
M,Victor,2478
M,Edwin,2434
M,Calvin,2398
M,Lloyd,2391
M,Leon,2383
M,Jimmie,2361
M,Darrell,2336
M,Scott,2299
M,Jay,2272
M,Alvin,2270
M,Tony,2269
M,Jose,2262
M,Kevin,2228
M,Jon,2214
M,Leslie,2214
M,Lewis,2143
M,Clyde,2073
M,Allan,2061
M,Glen,2046
M,Floyd,2040
M,Lonnie,2040
M,Vernon,2034
M,Joel,2026
M,Harvey,2005
M,Duane,1963
M,Benjamin,1961
M,Bob,1960
M,Nicholas,1929
M,Dean,1909
M,Charlie,1902
M,Gilbert,1868
M,Herman,1837
M,Jackie,1832
M,Micheal,1802
M,Lester,1782
M,Johnnie,1779
M,Leo,1717
M,Freddie,1709
M,Dwight,1650
M,Arnold,1641
M,Ricky,1600
M,Manuel,1591
M,Lynn,1572
M,Chester,1556
M,Franklin,1551
M,Milton,1546
M,Dave,1508
M,Donnie,1483
M,Ted,1477
M,Juan,1475
M,Neil,1406
M,Cecil,1400
M,Garry,1399
M,Claude,1344
M,Wesley,1336
M,Roland,1332
M,Tim,1296
M,Chris,1286
M,Jonathan,1283
M,Rick,1280
M,Marc,1255
M,Sam,1239
M,Terrence,1204
M,Greg,1189
M,Karl,1186
M,Nathaniel,1159
M,Marshall,1157
M,Randolph,1143
M,Alexander,1130
M,Oscar,1098
M,Jessie,1095
M,Wallace,1077
M,Sammy,1075
M,Stuart,1073
M,Benny,1065
M,Matthew,1054
M,Hugh,1039
M,Bradley,1030
M,Carlos,1027
M,Kent,1027
M,Guy,1023
M,Dana,1021
M,Rickey,1020
M,Maurice,1002
M,Sidney,991
M,Perry,981
M,Edgar,976
M,Gerard,972
M,Elmer,970
M,Willard,950
M,Clifton,944
M,Reginald,941
M,Fredrick,939
M,Marion,934
M,Ruben,908
M,Rex,903
M,Earnest,900
M,Jeff,888
M,Everett,881
M,Ben,873
M,Terrance,866
M,Lyle,864
M,Mitchell,861
M,Clinton,856
M,Daryl,855
M,Jesus,845
M,Otis,845
M,Morris,842
M,Bennie,835
M,Darryl,834
M,Luther,831
M,Ira,823
M,Nelson,814
M,Byron,796
M,Jeffery,795
M,Virgil,794
M,Antonio,775
M,Ron,770
M,Laurence,768
M,Alex,764
M,Kerry,750
M,Max,743
M,Tyrone,724
M,Clayton,721
M,Ross,720
M,Horace,719
M,Rudolph,716
M,Neal,713
M,Rudy,706
M,Aaron,701
M,Alton,695
M,Delbert,693
M,Wendell,676
M,Leland,672
M,Loren,667
M,Rodger,663
M,Archie,660
M,Pete,654
M,Troy,654
M,Hubert,653
M,Tommie,652
M,Brent,645
M,Jan,640
M,Oliver,631
M,Frankie,625
M,Lowell,623
M,Ken,622
M,Mario,622
M,Nathan,620
M,Homer,619
M,Kenny,617
M,Dewey,615
M,Raul,615
M,Lance,609
M,Carroll,606
M,Roberto,601
M,Sylvester,600
M,Pat,596
M,Roosevelt,596
M,Sherman,595
M,Luis,590
M,Francisco,588
M,Salvatore,586
M,Geoffrey,584
M,Willis,584
M,Edmund,576
M,Phil,575
M,Robin,572
M,Darrel,564
M,Bryan,561
M,Wilbert,558
M,Dick,552
M,Clark,551
M,Mickey,551
M,Jacob,550
M,Malcolm,549
M,Jerald,548
M,Mack,548
M,Carlton,547
M,Nick,547
M,Julius,546
M,Teddy,538
M,Wilbur,537
M,Isaac,533
M,Julian,533
M,Doyle,532
M,Pedro,529
M,Gregg,523
M,Kurt,519
M,Myron,518
M,Kim,510
M,Ramon,494
M,Van,494
M,Andy,487
M,Wade,486
M,Ervin,480
M,Sammie,479
M,Ivan,467
M,Rufus,465
M,Preston,461
M,Felix,458
M,Ellis,450
M,Ricardo,448
M,Wilson,437
M,Cary,436
M,Dallas,435
M,Forrest,432
M,Merle,432
M,Denis,428
M,Woodrow,428
M,Angelo,427
M,Hector,423
M,Grant,419
M,Conrad,416
M,Stewart,416
M,Grady,415
M,Percy,411
M,Armando,407
M,Marcus,406
M,Freddy,405
M,Terence,402
M,Sheldon,401
M,Bert,400
M,Guadalupe,397
M,Louie,390
M,Garland,388
M,Elbert,386
M,Owen,386
M,Miguel,383
M,Ronny,382
M,Alfonso,380
M,Kelly,379
M,Bradford,376
M,Travis,373
M,Rene,369
M,Edmond,366
M,Roderick,364
M,Eldon,363
M,Emmett,363
M,Hal,358
M,Irvin,358
M,Royce,356
M,Vaughn,356
M,Boyd,354
M,Buddy,354
M,Alonzo,351
M,Gale,349
M,Ernie,348
M,Todd,346
M,Dwayne,345
M,Lorenzo,345
M,Elliott,343
M,Galen,342
M,Lionel,339
M,Kirk,338
M,Gerry,335
M,Grover,331
M,Noel,331
M,Junior,329
M,Cleveland,328
M,Arturo,327
M,Denny,327
M,Cornelius,326
M,Chuck,325
M,Doug,324
M,Orville,321
M,Harlan,320
M,Aubrey,319
M,Moses,316
M,Dominic,314
M,Spencer,314
M,Monte,313
M,Fernando,312
M,Alfredo,310
M,Stephan,309
M,Randal,306
M,Adrian,305
M,Lanny,298
M,Marlin,297
M,Rickie,297
M,Darwin,295
M,Harley,295
M,Wilfred,292
M,Irving,290
M,Amos,289
M,Billie,289
M,Winston,288
M,Al,286
M,Ned,286
M,Ed,285
M,Salvador,285
M,Lamar,284
M,Dannie,278
M,Sanford,277
M,Linwood,276
M,Miles,276
M,Lon,274
M,Loyd,268
M,Dominick,267
M,Brad,266
M,Rafael,265
M,Elliot,260
M,Wiley,260
M,Andre,257
M,Barney,255
M,Frederic,255
M,Sterling,255
M,Murray,253
M,Abraham,252
M,Emil,251
M,Vance,249
M,Burton,247
M,Elijah,244
M,Thurman,243
M,Adam,241
M,August,241
M,Ernesto,240
M,Harrison,240
M,Elwood,239
M,Will,239
M,Austin,236
M,Carmen,235
M,Roscoe,235
M,Norris,233
M,Carey,232
M,Elton,231
M,Rodolfo,228
M,Emanuel,225
M,Jasper,225
M,Angel,224
M,Enrique,223
M,Jess,222
M,Colin,221
M,Odell,221
M,Simon,220
M,Eddy,218
M,Nolan,218
M,Donny,216
M,Gabriel,216
M,Monty,216
M,Kennith,215
M,Dewayne,213
M,Reuben,213
M,Stan,212
M,Terrell,212
M,Norbert,210
M,Kermit,209
M,Rocky,208
M,Linda,207
M,Blaine,206
M,Bobbie,206
M,Dudley,206
M,Ward,204
M,Alphonso,202
M,Christian,202
M,Emory,202
M,Gail,202
M,Fredric,201
M,Russel,201
M,Kirby,199
M,Tracy,199
M,Ramiro,198
M,Weldon,197
M,Ulysses,196
M,Alberto,195
M,Cornell,192
M,Maynard,191
M,Millard,191
M,Vern,191
M,Monroe,190
M,Elvin,188
M,Erwin,187
M,Levi,187
M,Drew,185
M,Rocco,185
M,Solomon,185
M,Gus,180
M,Jason,180
M,Riley,180
M,Julio,179
M,Jackson,178
M,Domingo,176
M,Ollie,175
M,Jake,174
M,Pablo,174
M,Tomas,174
